genotype,count,fitness,sequence
00000000,906,1.0,ACGTCGTA
11001000,417,2.4000000000000004,TGGTAGTA
11001001,202,2.7799999999999994,TGGTAGTG
00001000,159,1.25,ACGTAGTA
01000000,149,1.2,AGGTCGTA
10000000,137,1.35,TCGTCGTA
11001101,134,2.6699999999999995,TGGTATTG
11000000,129,1.9500000000000002,TGGTCGTA
11000100,112,1.9,TGGTCTTA
11001100,108,2.3499999999999996,TGGTATTA
11001010,106,2.58,TGGTAGCA
00010000,105,1.15,ACGACGTA
11010000,104,2.1,TGGACGTA
11000001,99,2.05,TGGTCGTG
00000001,95,1.1,ACGTCGTG
11001110,93,2.47,TGGTATCA
11101001,89,2.6199999999999997,TGCTAGTG
00000010,89,1.18,ACGTCGCA
00000100,88,0.95,ACGTCTTA
10000001,70,1.45,TCGTCGTG
